gt_audio_url,audio_url
https://golferchen.github.io/human-study-8888/2/audio/normal_out-F_21@F_14_心动_13/F_14_心动_13.wav,https://golferchen.github.io/human-study-8888/2/audio/normal_out-F_21@F_14_心动_13/F_21@F_14_心动_13.wav
https://golferchen.github.io/human-study-8888/2/audio/normal_out-F_21@M_5_春风十里_30/M_5_春风十里_30.wav,https://golferchen.github.io/human-study-8888/2/audio/normal_out-F_21@M_5_春风十里_30/F_21@M_5_春风十里_30.wav
https://golferchen.github.io/human-study-8888/2/audio/normal_out-M_3@F_47_岁月神偷_42/F_47_岁月神偷_42.wav,https://golferchen.github.io/human-study-8888/2/audio/normal_out-M_3@F_47_岁月神偷_42/M_3@F_47_岁月神偷_42.wav
https://golferchen.github.io/human-study-8888/2/audio/adver-M_2_下山_19/M_2_下山_19.wav,https://golferchen.github.io/human-study-8888/2/audio/adver-M_2_下山_19/M_2_下山_19-test.wav
https://golferchen.github.io/human-study-8888/2/audio/normal_out-M_8@F_39_贝加尔湖畔_22/F_39_贝加尔湖畔_22.wav,https://golferchen.github.io/human-study-8888/2/audio/normal_out-M_8@F_39_贝加尔湖畔_22/M_8@F_39_贝加尔湖畔_22.wav
https://golferchen.github.io/human-study-8888/2/audio/adver_out_transfer-M_13@M_22_水星记_33@hubert/M_22_水星记_33.wav,https://golferchen.github.io/human-study-8888/2/audio/adver_out_transfer-M_13@M_22_水星记_33@hubert/M_13@M_22_水星记_33@hubert.wav
https://golferchen.github.io/human-study-8888/2/audio/focus_test-27_信仰_48-ZHIY_random_2/27_信仰_48.wav,https://golferchen.github.io/human-study-8888/2/audio/focus_test-27_信仰_48-ZHIY_random_2/ZHIY_random_2.wav
https://golferchen.github.io/human-study-8888/2/audio/adver-F_14_心动_13/F_14_心动_13.wav,https://golferchen.github.io/human-study-8888/2/audio/adver-F_14_心动_13/F_14_心动_13-test.wav
https://golferchen.github.io/human-study-8888/2/audio/normal_out-M_26@M_2_下山_19/M_2_下山_19.wav,https://golferchen.github.io/human-study-8888/2/audio/normal_out-M_26@M_2_下山_19/M_26@M_2_下山_19.wav
https://golferchen.github.io/human-study-8888/2/audio/adver_transfer-F_39_贝加尔湖畔_22@hubert/F_39_贝加尔湖畔_22.wav,https://golferchen.github.io/human-study-8888/2/audio/adver_transfer-F_39_贝加尔湖畔_22@hubert/F_39_贝加尔湖畔_22@hubert.wav
https://golferchen.github.io/human-study-8888/2/audio/focus_test-43_可惜不是你_10-JLEE_random_15/43_可惜不是你_10.wav,https://golferchen.github.io/human-study-8888/2/audio/focus_test-43_可惜不是你_10-JLEE_random_15/JLEE_random_15.wav
https://golferchen.github.io/human-study-8888/2/audio/adver_out_transfer-M_3@F_47_岁月神偷_42@hubert/F_47_岁月神偷_42.wav,https://golferchen.github.io/human-study-8888/2/audio/adver_out_transfer-M_3@F_47_岁月神偷_42@hubert/M_3@F_47_岁月神偷_42@hubert.wav
https://golferchen.github.io/human-study-8888/2/audio/normal_out-M_13@M_22_水星记_33/M_22_水星记_33.wav,https://golferchen.github.io/human-study-8888/2/audio/normal_out-M_13@M_22_水星记_33/M_13@M_22_水星记_33.wav
https://golferchen.github.io/human-study-8888/2/audio/focus_test-JTAN_random_11-26_征服_29/26_征服_29.wav,https://golferchen.github.io/human-study-8888/2/audio/focus_test-JTAN_random_11-26_征服_29/JTAN_random_11.wav
https://golferchen.github.io/human-study-8888/2/audio/normal_out-M_13@F_33_从前慢_0/F_33_从前慢_0.wav,https://golferchen.github.io/human-study-8888/2/audio/normal_out-M_13@F_33_从前慢_0/M_13@F_33_从前慢_0.wav
https://golferchen.github.io/human-study-8888/2/audio/normal_out-M_8@F_25_剑伤_6/F_25_剑伤_6.wav,https://golferchen.github.io/human-study-8888/2/audio/normal_out-M_8@F_25_剑伤_6/M_8@F_25_剑伤_6.wav
https://golferchen.github.io/human-study-8888/2/audio/adver_transfer-F_21_一千年以后_6@hubert/F_21_一千年以后_6.wav,https://golferchen.github.io/human-study-8888/2/audio/adver_transfer-F_21_一千年以后_6@hubert/F_21_一千年以后_6@hubert.wav
https://golferchen.github.io/human-study-8888/2/audio/adver_out_transfer-M_4@F_21_一千年以后_6@hubert/F_21_一千年以后_6.wav,https://golferchen.github.io/human-study-8888/2/audio/adver_out_transfer-M_4@F_21_一千年以后_6@hubert/M_4@F_21_一千年以后_6@hubert.wav
https://golferchen.github.io/human-study-8888/2/audio/adver_transfer-F_47_岁月神偷_42@hubert/F_47_岁月神偷_42.wav,https://golferchen.github.io/human-study-8888/2/audio/adver_transfer-F_47_岁月神偷_42@hubert/F_47_岁月神偷_42@hubert.wav
https://golferchen.github.io/human-study-8888/2/audio/adver_out-F_21@F_14_心动_13/F_14_心动_13.wav,https://golferchen.github.io/human-study-8888/2/audio/adver_out-F_21@F_14_心动_13/F_21@F_14_心动_13.wav
https://golferchen.github.io/human-study-8888/2/audio/adver_out-M_10@F_23_Dance_18/F_23_Dance_18.wav,https://golferchen.github.io/human-study-8888/2/audio/adver_out-M_10@F_23_Dance_18/M_10@F_23_Dance_18.wav
https://golferchen.github.io/human-study-8888/2/audio/adver_out-M_13@F_33_从前慢_0/F_33_从前慢_0.wav,https://golferchen.github.io/human-study-8888/2/audio/adver_out-M_13@F_33_从前慢_0/M_13@F_33_从前慢_0.wav
https://golferchen.github.io/human-study-8888/2/audio/normal_out-M_10@F_23_Dance_18/F_23_Dance_18.wav,https://golferchen.github.io/human-study-8888/2/audio/normal_out-M_10@F_23_Dance_18/M_10@F_23_Dance_18.wav
https://golferchen.github.io/human-study-8888/2/audio/adver_transfer-F_25_剑伤_6@hubert/F_25_剑伤_6.wav,https://golferchen.github.io/human-study-8888/2/audio/adver_transfer-F_25_剑伤_6@hubert/F_25_剑伤_6@hubert.wav
https://golferchen.github.io/human-study-8888/2/audio/adver-F_23_Dance_18/F_23_Dance_18.wav,https://golferchen.github.io/human-study-8888/2/audio/adver-F_23_Dance_18/F_23_Dance_18-test.wav
https://golferchen.github.io/human-study-8888/2/audio/adver_out_transfer-M_8@F_39_贝加尔湖畔_22@hubert/F_39_贝加尔湖畔_22.wav,https://golferchen.github.io/human-study-8888/2/audio/adver_out_transfer-M_8@F_39_贝加尔湖畔_22@hubert/M_8@F_39_贝加尔湖畔_22@hubert.wav
https://golferchen.github.io/human-study-8888/2/audio/adver_transfer-M_22_水星记_33@hubert/M_22_水星记_33.wav,https://golferchen.github.io/human-study-8888/2/audio/adver_transfer-M_22_水星记_33@hubert/M_22_水星记_33@hubert.wav
https://golferchen.github.io/human-study-8888/2/audio/adver-M_5_春风十里_30/M_5_春风十里_30.wav,https://golferchen.github.io/human-study-8888/2/audio/adver-M_5_春风十里_30/M_5_春风十里_30-test.wav
https://golferchen.github.io/human-study-8888/2/audio/adver_out-M_26@M_2_下山_19/M_2_下山_19.wav,https://golferchen.github.io/human-study-8888/2/audio/adver_out-M_26@M_2_下山_19/M_26@M_2_下山_19.wav
https://golferchen.github.io/human-study-8888/2/audio/adver_out-F_21@M_5_春风十里_30/M_5_春风十里_30.wav,https://golferchen.github.io/human-study-8888/2/audio/adver_out-F_21@M_5_春风十里_30/F_21@M_5_春风十里_30.wav
https://golferchen.github.io/human-study-8888/2/audio/normal_out-M_4@F_21_一千年以后_6/F_21_一千年以后_6.wav,https://golferchen.github.io/human-study-8888/2/audio/normal_out-M_4@F_21_一千年以后_6/M_4@F_21_一千年以后_6.wav
https://golferchen.github.io/human-study-8888/2/audio/adver_out_transfer-M_8@F_25_剑伤_6@hubert/F_25_剑伤_6.wav,https://golferchen.github.io/human-study-8888/2/audio/adver_out_transfer-M_8@F_25_剑伤_6@hubert/M_8@F_25_剑伤_6@hubert.wav
https://golferchen.github.io/human-study-8888/2/audio/adver-F_33_从前慢_0/F_33_从前慢_0.wav,https://golferchen.github.io/human-study-8888/2/audio/adver-F_33_从前慢_0/F_33_从前慢_0-test.wav
